{	"processor": "com.hollingsworth.arsnouveau.client.patchouli.EnchantmentProcessor",
    "components": [
		{
			"type": "patchouli:header",
			"text": "block.ars_nouveau.enchanting_apparatus",
			"x": -1,
			"y": -1
        },
		 {
            "type":"patchouli:text",
            "text":"#enchantment",
            "x":35,
            "y":20
        },{
            "type":"patchouli:text",
            "text":"ars_nouveau.level",
            "x":35,
            "y":30
        },{
            "type":"patchouli:text",
            "text":"#level",
            "x":60,
            "y":30
        },
        {
            "type":"patchouli:item",
            "item":"#item1",
            "framed":true,
            "x":20,
            "y":50
        },
		 {
            "type":"patchouli:item",
            "item":"#item2",
            "framed":true,
            "x":50,
            "y":50
        },
        {
            "type":"patchouli:item",
            "item":"#item3",
            "framed":true,
            "x":80,
            "y":50
        },
        {
            "type":"patchouli:item",
            "item":"#item4",
            "framed":true,
            "x":20,
            "y":80
        },
		 {
            "type":"patchouli:item",
            "item":"#item5",
            "framed":true,
            "x":80,
            "y":80
        },
        {
            "type":"patchouli:item",
            "item":"#item6",
            "framed":true,
            "x":20,
            "y":110
        },
        {
            "type":"patchouli:item",
            "item":"#item7",
            "framed":true,
            "x":50,
            "y":110
        },
        {
            "type":"patchouli:item",
            "item":"#item8",
            "framed":true,
            "x":80,
            "y":110
        }
	]
}