 {
  "processor": "com.hollingsworth.arsnouveau.client.patchouli.ImbuementProcessor",
  "components": [
    {
      "type": "patchouli:header",
      "text": "block.ars_nouveau.imbuement_chamber",
      "x": -1,
      "y": -1
    },
    {
      "type": "patchouli:custom",
      "class": "com.hollingsworth.arsnouveau.client.patchouli.component.RotatingItemListComponent",
      "x": -1,
      "y": 21,
      "recipe_type": "imbuement_chamber",
      "recipe_name": "#recipe"
    },{
      "type": "patchouli:item",
      "item": "#output",
      "link_recipe" : "true",
      "framed": true,
      "x": 49,
      "y": 116
    },
    {
      "type": "patchouli:item",
      "item": "#reagent",
      "framed": true,
      "x": 49,
      "y": 53
    },
    {
      "type": "patchouli:header",
      "text": "#footer",
      "x": -1,
      "y": 135
    }
  ]
}