{
  "category": "ars_nouveau:machines",
  "icon": "ars_nouveau:imbuement_chamber",
  "name": "block.ars_nouveau.imbuement_chamber",
  "pages": [
    {
      "type": "patchouli:text",
      "text": "ars_nouveau.page1.imbuement_chamber"
    },
    {
      "type": "patchouli:crafting",
      "recipe": "ars_nouveau:imbuement_chamber"
    },
    {
      "type": "ars_nouveau:imbuement_recipe",
      "recipe": "ars_nouveau:imbuement_lapis"
    },
    {
      "type": "ars_nouveau:imbuement_recipe",
      "recipe": "ars_nouveau:imbuement_amethyst"
    },
    {
      "type": "ars_nouveau:imbuement_recipe",
      "recipe": "ars_nouveau:imbuement_amethyst_block"
    },
    {
      "type": "ars_nouveau:imbuement_recipe",
      "recipe": "ars_nouveau:imbuement_fire_essence"
    },
    {
      "type": "ars_nouveau:imbuement_recipe",
      "recipe": "ars_nouveau:imbuement_earth_essence"
    },
    {
      "type": "ars_nouveau:imbuement_recipe",
      "recipe": "ars_nouveau:imbuement_water_essence"
    },
    {
      "type": "ars_nouveau:imbuement_recipe",
      "recipe": "ars_nouveau:imbuement_air_essence"
    },
    {
      "type": "ars_nouveau:imbuement_recipe",
      "recipe": "ars_nouveau:imbuement_abjuration_essence"
    },
    {
      "type": "ars_nouveau:imbuement_recipe",
      "recipe": "ars_nouveau:imbuement_conjuration_essence"
    },
    {
      "type": "ars_nouveau:imbuement_recipe",
      "recipe": "ars_nouveau:imbuement_manipulation_essence"
    }
  ]
}