{
  "category": "ars_nouveau:machines",
  "icon": "ars_nouveau:potion_diffuser",
  "name": "block.ars_nouveau.potion_diffuser",
  "pages": [
    {
      "type": "patchouli:text",
      "text": "ars_nouveau.page.potion_diffuser"
    },
    {
      "type": "ars_nouveau:apparatus_recipe",
      "recipe": "ars_nouveau:potion_diffuser"
    },
    {
      "type": "patchouli:relations",
      "entries": [
        "ars_nouveau:machines/potion_jar",
        "ars_nouveau:machines/potion_melder",
        "ars_nouveau:automation/wixie_charm"
      ]
    }
  ]
}