{
  "category": "ars_nouveau:machines",
  "icon": "ars_nouveau:scryers_oculus",
  "name": "block.ars_nouveau.scryers_oculus",
  "pages": [
    {
      "type": "patchouli:text",
      "text": "ars_nouveau.page.scryers_oculus"
    },
    {
      "type": "ars_nouveau:apparatus_recipe",
      "recipe": "ars_nouveau:scryers_oculus"
    },
    {
      "type": "patchouli:relations",
      "entries": [
        "ars_nouveau:machines/scryer_scroll",
        "ars_nouveau:machines/scryers_crystal"
      ]
    }
  ]
}