{
  "category": "ars_nouveau:automation",
  "icon": "ars_nouveau:allow_scroll",
  "name": "item.ars_nouveau.allow_scroll",
  "pages": [
    {
      "type": "patchouli:text",
      "text": "ars_nouveau.page1.allow_scroll"
    },
    {
      "type": "patchouli:crafting",
      "recipe": "ars_nouveau:blank_parchment",
      "recipe2": "ars_nouveau:allow_scroll"
    },
    {
      "type": "patchouli:relations",
      "entries": [
        "ars_nouveau:automation/deny_scroll",
        "ars_nouveau:automation/mimic_scroll",
        "ars_nouveau:automation/dominion_wand",
        "ars_nouveau:automation/starbuncle_charm",
        "ars_nouveau:machines/storage_lectern",
        "ars_nouveau:machines/item_detector"
      ]
    }
  ]
}