{
  "category": "ars_nouveau:armor",
  "icon": "ars_nouveau:sorcerer_robes",
  "name": "ars_nouveau.page.armor",
  "pages": [
    {
      "type": "patchouli:text",
      "text": "ars_nouveau.page1.armor"
    },
    {
      "type": "patchouli:crafting",
      "recipe": "ars_nouveau:magebloom_fiber"
    },
    {
      "type": "patchouli:text",
      "text": "ars_nouveau.page.threads",
      "title": "ars_nouveau.threads"
    },
    {
      "type": "patchouli:image",
      "border": true,
      "images": [
        "ars_nouveau:textures/gui/entries/sorcerer_diagram.png",
        "ars_nouveau:textures/gui/entries/arcanist_thread_diagram.png",
        "ars_nouveau:textures/gui/entries/battlemage_diagram.png"
      ],
      "text": "ars_nouveau.page.layout_desc",
      "title": "ars_nouveau.thread_layout"
    },
    {
      "type": "ars_nouveau:apparatus_recipe",
      "recipe": "ars_nouveau:sorcerer_hood"
    },
    {
      "type": "ars_nouveau:apparatus_recipe",
      "recipe": "ars_nouveau:sorcerer_robes"
    },
    {
      "type": "ars_nouveau:apparatus_recipe",
      "recipe": "ars_nouveau:sorcerer_leggings"
    },
    {
      "type": "ars_nouveau:apparatus_recipe",
      "recipe": "ars_nouveau:sorcerer_boots"
    },
    {
      "type": "ars_nouveau:apparatus_recipe",
      "recipe": "ars_nouveau:arcanist_hood"
    },
    {
      "type": "ars_nouveau:apparatus_recipe",
      "recipe": "ars_nouveau:arcanist_robes"
    },
    {
      "type": "ars_nouveau:apparatus_recipe",
      "recipe": "ars_nouveau:arcanist_leggings"
    },
    {
      "type": "ars_nouveau:apparatus_recipe",
      "recipe": "ars_nouveau:arcanist_boots"
    },
    {
      "type": "ars_nouveau:apparatus_recipe",
      "recipe": "ars_nouveau:battlemage_hood"
    },
    {
      "type": "ars_nouveau:apparatus_recipe",
      "recipe": "ars_nouveau:battlemage_robes"
    },
    {
      "type": "ars_nouveau:apparatus_recipe",
      "recipe": "ars_nouveau:battlemage_leggings"
    },
    {
      "type": "ars_nouveau:apparatus_recipe",
      "recipe": "ars_nouveau:battlemage_boots"
    },
    {
      "type": "patchouli:relations",
      "entries": [
        "ars_nouveau:armor/armor_upgrade"
      ]
    }
  ]
}