{
  "type": "ars_nouveau:enchanting_apparatus",
  "keepNbtOfReagent": false,
  "output": {
    "item": "ars_nouveau:belt_of_unstable_gifts"
  },
  "pedestalItems": [
    {
      "item": "minecraft:sugar"
    },
    {
      "tag": "forge:crops/nether_wart"
    },
    {
      "tag": "forge:rods/blaze"
    },
    {
      "tag": "forge:dusts/glowstone"
    },
    {
      "item": "minecraft:fermented_spider_eye"
    },
    {
      "tag": "forge:dusts/redstone"
    },
    {
      "item": "minecraft:brewing_stand"
    },
    {
      "tag": "forge:feathers"
    }
  ],
  "reagent": [
    {
      "item": "ars_nouveau:mundane_belt"
    }
  ],
  "sourceCost": 0
}