{
  "type": "ars_nouveau:enchantment",
  "enchantment": "minecraft:blast_protection",
  "level": 4,
  "pedestalItems": [
    {
      "item": {
        "tag": "forge:gems/diamond"
      }
    },
    {
      "item": {
        "tag": "forge:gems/diamond"
      }
    },
    {
      "item": {
        "tag": "forge:gems/diamond"
      }
    },
    {
      "item": {
        "tag": "forge:gems/diamond"
      }
    },
    {
      "item": {
        "tag": "forge:storage_blocks/source"
      }
    },
    {
      "item": {
        "tag": "forge:storage_blocks/source"
      }
    },
    {
      "item": {
        "tag": "forge:storage_blocks/gold"
      }
    },
    {
      "item": {
        "tag": "forge:storage_blocks/gold"
      }
    }
  ],
  "sourceCost": 8000
}