{
  "type": "ars_nouveau:glyph",
  "count": 1,
  "exp": 160,
  "inputItems": [
    {
      "item": {
        "item": "ars_nouveau:manipulation_essence"
      }
    },
    {
      "item": {
        "item": "minecraft:tnt"
      }
    },
    {
      "item": {
        "item": "minecraft:tnt"
      }
    },
    {
      "item": {
        "item": "minecraft:tnt"
      }
    },
    {
      "item": {
        "item": "minecraft:tnt"
      }
    },
    {
      "item": {
        "item": "minecraft:tnt"
      }
    },
    {
      "item": {
        "item": "minecraft:firework_star"
      }
    }
  ],
  "output": "ars_nouveau:burst"
}