{
  "type": "ars_nouveau:enchantment",
  "enchantment": "minecraft:efficiency",
  "level": 4,
  "pedestalItems": [
    {
      "item": {
        "tag": "forge:storage_blocks/redstone"
      }
    },
    {
      "item": {
        "tag": "forge:storage_blocks/redstone"
      }
    },
    {
      "item": {
        "item": "minecraft:diamond_pickaxe"
      }
    },
    {
      "item": {
        "item": "minecraft:iron_shovel"
      }
    },
    {
      "item": {
        "tag": "forge:storage_blocks/source"
      }
    },
    {
      "item": {
        "tag": "forge:storage_blocks/source"
      }
    },
    {
      "item": {
        "tag": "forge:obsidian"
      }
    },
    {
      "item": {
        "tag": "forge:obsidian"
      }
    }
  ],
  "sourceCost": 6500
}