{
  "category": "ars_nouveau:familiars",
  "icon": "ars_nouveau:ritual_binding",
  "name": "ars_nouveau.page.summoning_familiars",
  "pages": [
    {
      "type": "patchouli:text",
      "text": "ars_nouveau.page1.summoning_familiars"
    },
    {
      "type": "patchouli:text",
      "text": "ars_nouveau.page2.summoning_familiars"
    },
    {
      "type": "patchouli:crafting",
      "recipe": "ars_nouveau:ritual_binding"
    },
    {
      "type": "patchouli:relations",
      "entries": [
        "ars_nouveau:machines/ritual_brazier",
        "ars_nouveau:rituals/ritual_binding"
      ]
    }
  ],
  "sortnum": -1
}