{
  "category": "ars_nouveau:enchantments",
  "icon": "minecraft:enchanted_book",
  "name": "enchantment.minecraft.protection",
  "pages": [
    {
      "type": "ars_nouveau:enchanting_recipe",
      "recipe": "ars_nouveau:protection_1"
    },
    {
      "type": "ars_nouveau:enchanting_recipe",
      "recipe": "ars_nouveau:protection_2"
    },
    {
      "type": "ars_nouveau:enchanting_recipe",
      "recipe": "ars_nouveau:protection_3"
    },
    {
      "type": "ars_nouveau:enchanting_recipe",
      "recipe": "ars_nouveau:protection_4"
    }
  ]
}