{
  "category": "ars_nouveau:enchantments",
  "icon": "minecraft:enchanted_book",
  "name": "enchantment.minecraft.smite",
  "pages": [
    {
      "type": "ars_nouveau:enchanting_recipe",
      "recipe": "ars_nouveau:smite_1"
    },
    {
      "type": "ars_nouveau:enchanting_recipe",
      "recipe": "ars_nouveau:smite_2"
    },
    {
      "type": "ars_nouveau:enchanting_recipe",
      "recipe": "ars_nouveau:smite_3"
    },
    {
      "type": "ars_nouveau:enchanting_recipe",
      "recipe": "ars_nouveau:smite_4"
    },
    {
      "type": "ars_nouveau:enchanting_recipe",
      "recipe": "ars_nouveau:smite_5"
    }
  ]
}