{
  "type": "ars_nouveau:enchanting_apparatus",
  "keepNbtOfReagent": false,
  "output": {
    "item": "ars_nouveau:alchemists_crown"
  },
  "pedestalItems": [
    {
      "item": {
        "item": "minecraft:glass_bottle"
      }
    },
    {
      "item": {
        "item": "minecraft:glass_bottle"
      }
    },
    {
      "item": {
        "item": "minecraft:glass_bottle"
      }
    }
  ],
  "reagent": [
    {
      "item": "minecraft:golden_helmet"
    }
  ],
  "sourceCost": 0
}