{
  "type": "ars_nouveau:enchanting_apparatus",
  "keepNbtOfReagent": false,
  "output": {
    "item": "ars_nouveau:amulet_of_mana_regen"
  },
  "pedestalItems": [
    {
      "item": {
        "tag": "forge:gems/diamond"
      }
    },
    {
      "item": {
        "tag": "forge:gems/diamond"
      }
    },
    {
      "item": {
        "tag": "forge:ingots/gold"
      }
    },
    {
      "item": {
        "tag": "forge:ingots/gold"
      }
    },
    {
      "item": {
        "tag": "forge:gems/source"
      }
    },
    {
      "item": {
        "tag": "forge:gems/source"
      }
    },
    {
      "item": {
        "tag": "forge:gems/source"
      }
    },
    {
      "item": {
        "tag": "forge:gems/source"
      }
    }
  ],
  "reagent": [
    {
      "item": "ars_nouveau:dull_trinket"
    }
  ],
  "sourceCost": 0
}