{
  "type": "ars_nouveau:enchanting_apparatus",
  "keepNbtOfReagent": true,
  "output": {
    "item": "ars_nouveau:apprentice_hood"
  },
  "pedestalItems": [
    {
      "item": {
        "item": "ars_nouveau:magebloom_fiber"
      }
    },
    {
      "item": {
        "item": "ars_nouveau:magebloom_fiber"
      }
    },
    {
      "item": {
        "item": "ars_nouveau:magebloom_fiber"
      }
    },
    {
      "item": {
        "item": "ars_nouveau:magebloom_fiber"
      }
    }
  ],
  "reagent": [
    {
      "item": "minecraft:iron_helmet"
    }
  ],
  "sourceCost": 0
}