{
  "type": "ars_nouveau:book_upgrade",
  "pattern":
  [
    "   ",
    " y ",
    "   "
  ],
  "key": {
    "y": {
      "item": "ars_nouveau:spell_book"
    }
  },
  "ingredients": [
    {
      "item": "ars_nouveau:novice_spell_book"
    },
    {
      "item": "minecraft:obsidian"
    },
    {
      "item": "minecraft:diamond"
    },
    {
      "item": "minecraft:diamond"
    },
    {
      "item": "minecraft:diamond"
    },
    {
      "item": "minecraft:quartz_block"
    },
    {
      "item": "minecraft:quartz_block"
    },
    {
      "item": "minecraft:blaze_rod"
    },
    {
      "item": "minecraft:blaze_rod"
    }
  ],
  "result":
  {
    "item": "ars_nouveau:apprentice_spell_book"
  }
}