{
  "type": "ars_nouveau:enchantment",
  "enchantment": "minecraft:aqua_affinity",
  "level": 1,
  "pedestalItems": [
    {
      "item": {
        "tag": "minecraft:fishes"
      }
    },
    {
      "item": {
        "tag": "minecraft:fishes"
      }
    },
    {
      "item": {
        "tag": "minecraft:fishes"
      }
    },
    {
      "item": {
        "tag": "minecraft:fishes"
      }
    },
    {
      "item": {
        "tag": "forge:storage_blocks/source"
      }
    },
    {
      "item": {
        "tag": "forge:storage_blocks/source"
      }
    },
    {
      "item": {
        "tag": "forge:storage_blocks/lapis"
      }
    },
    {
      "item": {
        "tag": "forge:storage_blocks/lapis"
      }
    }
  ],
  "sourceCost": 5000
}