{
  "type": "ars_nouveau:book_upgrade",
  "ingredients": [
    {
      "item": "ars_nouveau:apprentice_spell_book"
    },
    {
      "item": "minecraft:nether_star"
    },
    {
      "item": "ars_nouveau:wilden_tribute"
    },
    {
      "item": "minecraft:emerald"
    },
    {
      "item": "minecraft:emerald"
    },
    {
      "item": "minecraft:ender_pearl"
    },
    {
      "item": "minecraft:ender_pearl"
    },
    {
      "item": "minecraft:ender_pearl"
    },
    {
      "item": "minecraft:totem_of_undying"
    }
  ],
  "result": {
    "item": "ars_nouveau:archmage_spell_book"
  }
}