{
  "type": "ars_nouveau:enchantment",
  "enchantment": "minecraft:bane_of_arthropods",
  "level": 4,
  "pedestalItems": [
    {
      "item": {
        "item": "minecraft:fermented_spider_eye"
      }
    },
    {
      "item": {
        "item": "minecraft:fermented_spider_eye"
      }
    },
    {
      "item": {
        "item": "minecraft:fermented_spider_eye"
      }
    },
    {
      "item": {
        "item": "minecraft:fermented_spider_eye"
      }
    },
    {
      "item": {
        "tag": "forge:storage_blocks/source"
      }
    },
    {
      "item": {
        "tag": "forge:storage_blocks/source"
      }
    },
    {
      "item": {
        "tag": "forge:storage_blocks/lapis"
      }
    }
  ],
  "sourceCost": 6500
}