{
  "type": "ars_nouveau:enchanting_apparatus",
  "keepNbtOfReagent": true,
  "output": {
    "item": "ars_nouveau:battlemage_boots"
  },
  "pedestalItems": [
    {
      "item": "ars_nouveau:magebloom_fiber"
    },
    {
      "item": "ars_nouveau:magebloom_fiber"
    },
    {
      "item": "ars_nouveau:magebloom_fiber"
    },
    {
      "item": "ars_nouveau:magebloom_fiber"
    }
  ],
  "reagent": [
    {
      "item": "minecraft:diamond_boots"
    }
  ],
  "sourceCost": 0
}