{
  "type": "ars_nouveau:enchanting_apparatus",
  "keepNbtOfReagent": false,
  "output": {
    "item": "ars_nouveau:belt_of_levitation"
  },
  "pedestalItems": [
    {
      "tag": "forge:ingots/gold"
    },
    {
      "tag": "forge:ingots/gold"
    },
    {
      "tag": "forge:ingots/gold"
    },
    {
      "tag": "forge:ingots/gold"
    },
    {
      "item": "minecraft:feather"
    },
    {
      "item": "minecraft:feather"
    },
    {
      "item": "minecraft:feather"
    },
    {
      "item": "ars_nouveau:air_essence"
    }
  ],
  "reagent": [
    {
      "item": "ars_nouveau:mundane_belt"
    }
  ],
  "sourceCost": 0
}