{
  "type": "ars_nouveau:enchanting_apparatus",
  "keepNbtOfReagent": false,
  "output": {
    "item": "ars_nouveau:brazier_relay"
  },
  "pedestalItems": [
    {
      "item": {
        "item": "ars_nouveau:manipulation_essence"
      }
    },
    {
      "item": {
        "item": "ars_nouveau:manipulation_essence"
      }
    },
    {
      "item": {
        "item": "ars_nouveau:manipulation_essence"
      }
    }
  ],
  "reagent": [
    {
      "item": "ars_nouveau:ritual_brazier"
    }
  ],
  "sourceCost": 0
}