{
  "type": "ars_nouveau:enchantment",
  "enchantment": "minecraft:depth_strider",
  "level": 3,
  "pedestalItems": [
    {
      "item": {
        "item": "ars_nouveau:water_essence"
      }
    },
    {
      "item": {
        "item": "ars_nouveau:water_essence"
      }
    },
    {
      "item": {
        "item": "ars_nouveau:water_essence"
      }
    },
    {
      "item": {
        "item": "ars_nouveau:water_essence"
      }
    },
    {
      "item": {
        "tag": "forge:storage_blocks/source"
      }
    },
    {
      "item": {
        "tag": "forge:storage_blocks/source"
      }
    },
    {
      "item": {
        "tag": "forge:storage_blocks/source"
      }
    },
    {
      "item": {
        "item": "minecraft:nautilus_shell"
      }
    }
  ],
  "sourceCost": 9000
}