{
  "type": "ars_nouveau:enchanting_apparatus",
  "keepNbtOfReagent": false,
  "output": {
    "item": "ars_nouveau:drygmy_charm"
  },
  "pedestalItems": [
    {
      "tag": "minecraft:fishes"
    },
    {
      "item": "minecraft:wheat"
    },
    {
      "item": "minecraft:apple"
    },
    {
      "item": "minecraft:carrot"
    },
    {
      "tag": "forge:seeds"
    },
    {
      "tag": "forge:gems/source"
    },
    {
      "tag": "forge:gems/source"
    },
    {
      "tag": "forge:gems/source"
    }
  ],
  "reagent": [
    {
      "item": "ars_nouveau:drygmy_shard"
    }
  ],
  "sourceCost": 0
}