{
  "type": "ars_nouveau:enchanting_apparatus",
  "keepNbtOfReagent": false,
  "output": {
    "item": "ars_nouveau:drygmy_charm"
  },
  "pedestalItems": [
    {
      "item": {
        "tag": "minecraft:fishes"
      }
    },
    {
      "item": {
        "item": "minecraft:wheat"
      }
    },
    {
      "item": {
        "item": "minecraft:apple"
      }
    },
    {
      "item": {
        "item": "minecraft:carrot"
      }
    },
    {
      "item": {
        "tag": "forge:seeds"
      }
    },
    {
      "item": {
        "tag": "forge:gems/source"
      }
    },
    {
      "item": {
        "tag": "forge:gems/source"
      }
    },
    {
      "item": {
        "tag": "forge:gems/source"
      }
    }
  ],
  "reagent": [
    {
      "item": "ars_nouveau:drygmy_shard"
    }
  ],
  "sourceCost": 0
}