{
  "type": "ars_nouveau:enchantment",
  "enchantment": "minecraft:efficiency",
  "level": 5,
  "pedestalItems": [
    {
      "item": {
        "tag": "forge:storage_blocks/redstone"
      }
    },
    {
      "item": {
        "tag": "forge:storage_blocks/redstone"
      }
    },
    {
      "item": {
        "item": "minecraft:diamond_pickaxe"
      }
    },
    {
      "item": {
        "item": "minecraft:diamond_shovel"
      }
    },
    {
      "item": {
        "tag": "forge:storage_blocks/source"
      }
    },
    {
      "item": {
        "tag": "forge:storage_blocks/source"
      }
    },
    {
      "item": {
        "tag": "forge:storage_blocks/lapis"
      }
    },
    {
      "item": {
        "tag": "forge:storage_blocks/lapis"
      }
    }
  ],
  "sourceCost": 8000
}