{
  "type": "ars_nouveau:enchantment",
  "enchantment": "minecraft:efficiency",
  "level": 3,
  "pedestalItems": [
    {
      "item": {
        "tag": "forge:storage_blocks/redstone"
      }
    },
    {
      "item": {
        "tag": "forge:storage_blocks/redstone"
      }
    },
    {
      "item": {
        "item": "minecraft:golden_pickaxe"
      }
    },
    {
      "item": {
        "tag": "forge:storage_blocks/source"
      }
    },
    {
      "item": {
        "tag": "forge:storage_blocks/source"
      }
    },
    {
      "item": {
        "tag": "forge:storage_blocks/source"
      }
    },
    {
      "item": {
        "tag": "forge:obsidian"
      }
    },
    {
      "item": {
        "tag": "forge:obsidian"
      }
    }
  ],
  "sourceCost": 5000
}