{
  "type": "ars_nouveau:enchanting_apparatus",
  "keepNbtOfReagent": true,
  "output": {
    "item": "ars_nouveau:enchanters_eye"
  },
  "pedestalItems": [
    {
      "item": "minecraft:blaze_powder"
    },
    {
      "item": "minecraft:blaze_powder"
    },
    {
      "item": "minecraft:blaze_powder"
    },
    {
      "item": "minecraft:blaze_powder"
    },
    {
      "tag": "forge:ender_pearls"
    },
    {
      "tag": "forge:ender_pearls"
    },
    {
      "tag": "forge:ender_pearls"
    },
    {
      "tag": "forge:ender_pearls"
    }
  ],
  "reagent": [
    {
      "item": "ars_nouveau:scryers_crystal"
    }
  ],
  "sourceCost": 0
}