{
  "type": "ars_nouveau:enchanting_apparatus",
  "keepNbtOfReagent": true,
  "output": {
    "item": "ars_nouveau:enchanters_sword"
  },
  "pedestalItems": [
    {
      "item": {
        "tag": "forge:gems/diamond"
      }
    },
    {
      "item": {
        "tag": "forge:storage_blocks/gold"
      }
    },
    {
      "item": {
        "tag": "forge:storage_blocks/gold"
      }
    },
    {
      "item": {
        "tag": "forge:storage_blocks/source"
      }
    },
    {
      "item": {
        "tag": "forge:storage_blocks/source"
      }
    }
  ],
  "reagent": [
    {
      "item": "minecraft:diamond_sword"
    }
  ],
  "sourceCost": 0
}