{
  "type": "ars_nouveau:enchanting_apparatus",
  "keepNbtOfReagent": false,
  "output": {
    "item": "ars_nouveau:enchanters_mirror"
  },
  "pedestalItems": [
    {
      "tag": "forge:glass"
    },
    {
      "tag": "forge:glass"
    },
    {
      "item": "ars_nouveau:manipulation_essence"
    },
    {
      "item": "ars_nouveau:manipulation_essence"
    },
    {
      "tag": "forge:logs/archwood"
    },
    {
      "tag": "forge:logs/archwood"
    },
    {
      "tag": "forge:ingots/gold"
    },
    {
      "tag": "forge:ingots/gold"
    }
  ],
  "reagent": [
    {
      "tag": "forge:storage_blocks/source"
    }
  ],
  "sourceCost": 0
}