{
  "type": "ars_nouveau:enchantment",
  "enchantment": "minecraft:feather_falling",
  "level": 4,
  "pedestalItems": [
    {
      "item": {
        "item": "ars_nouveau:air_essence"
      }
    },
    {
      "item": {
        "item": "ars_nouveau:air_essence"
      }
    },
    {
      "item": {
        "item": "ars_nouveau:air_essence"
      }
    },
    {
      "item": {
        "item": "ars_nouveau:air_essence"
      }
    },
    {
      "item": {
        "tag": "forge:storage_blocks/source"
      }
    },
    {
      "item": {
        "tag": "forge:storage_blocks/source"
      }
    },
    {
      "item": {
        "tag": "forge:storage_blocks/lapis"
      }
    },
    {
      "item": {
        "tag": "forge:storage_blocks/lapis"
      }
    }
  ],
  "sourceCost": 6500
}