{
  "type": "ars_nouveau:enchantment",
  "enchantment": "minecraft:fire_protection",
  "level": 5,
  "pedestalItems": [
    {
      "item": {
        "item": "ars_nouveau:fire_essence"
      }
    },
    {
      "item": {
        "item": "ars_nouveau:fire_essence"
      }
    },
    {
      "item": {
        "item": "ars_nouveau:fire_essence"
      }
    },
    {
      "item": {
        "item": "ars_nouveau:abjuration_essence"
      }
    },
    {
      "item": {
        "item": "ars_nouveau:abjuration_essence"
      }
    },
    {
      "item": {
        "item": "ars_nouveau:abjuration_essence"
      }
    },
    {
      "item": {
        "tag": "forge:storage_blocks/source"
      }
    },
    {
      "item": {
        "tag": "forge:rods/blaze"
      }
    }
  ],
  "sourceCost": 8000
}