{
  "type": "ars_nouveau:enchantment",
  "enchantment": "minecraft:fire_aspect",
  "level": 2,
  "pedestalItems": [
    {
      "item": {
        "item": "ars_nouveau:fire_essence"
      }
    },
    {
      "item": {
        "item": "ars_nouveau:fire_essence"
      }
    },
    {
      "item": {
        "tag": "forge:storage_blocks/source"
      }
    },
    {
      "item": {
        "tag": "forge:storage_blocks/source"
      }
    },
    {
      "item": {
        "tag": "forge:storage_blocks/lapis"
      }
    },
    {
      "item": {
        "tag": "forge:storage_blocks/lapis"
      }
    }
  ],
  "sourceCost": 4000
}