{
  "type": "ars_nouveau:glyph",
  "count": 1,
  "exp": 55,
  "inputItems": [
    {
      "item": {
        "item": "ars_nouveau:fire_essence"
      }
    },
    {
      "item": {
        "item": "minecraft:flint_and_steel"
      }
    },
    {
      "item": {
        "item": "minecraft:flint_and_steel"
      }
    },
    {
      "item": {
        "item": "minecraft:fire_charge"
      }
    },
    {
      "item": {
        "item": "minecraft:fire_charge"
      }
    },
    {
      "item": {
        "item": "minecraft:blaze_rod"
      }
    }
  ],
  "output": "ars_nouveau:glyph_flare"
}