{
  "type": "ars_nouveau:glyph",
  "count": 1,
  "exp": 27,
  "inputItems": [
    {
      "item": {
        "item": "ars_nouveau:earth_essence"
      }
    },
    {
      "item": {
        "item": "minecraft:cobweb"
      }
    },
    {
      "item": {
        "item": "minecraft:cobweb"
      }
    },
    {
      "item": {
        "item": "minecraft:cobweb"
      }
    },
    {
      "item": {
        "item": "minecraft:cobweb"
      }
    }
  ],
  "output": "ars_nouveau:glyph_snare"
}