{
  "type": "ars_nouveau:glyph",
  "count": 1,
  "exp": 55,
  "inputItems": [
    {
      "item": {
        "item": "ars_nouveau:fire_essence"
      }
    },
    {
      "item": {
        "item": "minecraft:tnt"
      }
    },
    {
      "item": {
        "item": "minecraft:tnt"
      }
    },
    {
      "item": {
        "item": "minecraft:tnt"
      }
    },
    {
      "item": {
        "item": "minecraft:fire_charge"
      }
    }
  ],
  "output": "ars_nouveau:glyph_explosion"
}