{
  "type": "ars_nouveau:glyph",
  "count": 1,
  "exp": 55,
  "inputItems": [
    {
      "item": {
        "item": "ars_nouveau:abjuration_essence"
      }
    },
    {
      "item": {
        "item": "minecraft:glistering_melon_slice"
      }
    },
    {
      "item": {
        "item": "minecraft:glistering_melon_slice"
      }
    },
    {
      "item": {
        "item": "minecraft:glistering_melon_slice"
      }
    },
    {
      "item": {
        "item": "minecraft:glistering_melon_slice"
      }
    },
    {
      "item": {
        "item": "minecraft:golden_apple"
      }
    }
  ],
  "output": "ars_nouveau:glyph_heal"
}