{
  "type": "ars_nouveau:glyph",
  "count": 1,
  "exp": 160,
  "inputItems": [
    {
      "item": {
        "item": "ars_nouveau:conjuration_essence"
      }
    },
    {
      "item": {
        "item": "minecraft:armor_stand"
      }
    },
    {
      "item": {
        "item": "minecraft:armor_stand"
      }
    },
    {
      "item": {
        "item": "minecraft:armor_stand"
      }
    },
    {
      "item": {
        "item": "minecraft:armor_stand"
      }
    }
  ],
  "output": "ars_nouveau:glyph_summon_decoy"
}