{
  "type": "ars_nouveau:glyph",
  "count": 1,
  "exp": 160,
  "inputItems": [
    {
      "item": {
        "item": "ars_nouveau:air_essence"
      }
    },
    {
      "item": {
        "item": "minecraft:lightning_rod"
      }
    },
    {
      "item": {
        "item": "minecraft:lightning_rod"
      }
    },
    {
      "item": {
        "item": "minecraft:lightning_rod"
      }
    },
    {
      "item": {
        "item": "minecraft:heart_of_the_sea"
      }
    }
  ],
  "output": "ars_nouveau:glyph_lightning"
}