{
  "type": "ars_nouveau:enchanting_apparatus",
  "keepNbtOfReagent": false,
  "output": {
    "item": "ars_nouveau:jar_of_light"
  },
  "pedestalItems": [
    {
      "item": {
        "item": "minecraft:glowstone"
      }
    },
    {
      "item": {
        "item": "minecraft:glowstone"
      }
    },
    {
      "item": {
        "item": "minecraft:glowstone"
      }
    },
    {
      "item": {
        "item": "minecraft:glowstone"
      }
    },
    {
      "item": {
        "item": "minecraft:redstone_lamp"
      }
    },
    {
      "item": {
        "item": "minecraft:redstone_lamp"
      }
    },
    {
      "item": {
        "tag": "forge:glass"
      }
    },
    {
      "item": {
        "tag": "forge:glass"
      }
    }
  ],
  "reagent": [
    {
      "item": "minecraft:glass_bottle"
    }
  ],
  "sourceCost": 0
}