{
  "type": "ars_nouveau:enchantment",
  "enchantment": "minecraft:knockback",
  "level": 2,
  "pedestalItems": [
    {
      "item": {
        "item": "ars_nouveau:manipulation_essence"
      }
    },
    {
      "item": {
        "item": "ars_nouveau:air_essence"
      }
    },
    {
      "item": {
        "item": "ars_nouveau:air_essence"
      }
    },
    {
      "item": {
        "tag": "forge:storage_blocks/source"
      }
    },
    {
      "item": {
        "tag": "forge:storage_blocks/source"
      }
    }
  ],
  "sourceCost": 4000
}