{
  "type": "minecraft:crafting_shapeless",
  "ingredients": [
    {
      "item": "minecraft:lily_pad"
    },
    {
      "tag": "forge:gems/source"
    },
    {
      "tag": "forge:gems/source"
    },
    {
      "tag": "forge:gems/source"
    },
    {
      "tag": "forge:gems/source"
    },
    {
      "tag": "forge:gems/source"
    },
    {
      "tag": "forge:gems/source"
    },
    {
      "tag": "forge:gems/source"
    },
    {
      "tag": "forge:gems/source"
    }
  ],
  "result": {
    "count": 8,
    "item": "ars_nouveau:lava_lily"
  }
}