{
  "type": "ars_nouveau:enchantment",
  "enchantment": "minecraft:looting",
  "level": 3,
  "pedestalItems": [
    {
      "item": {
        "item": "ars_nouveau:earth_essence"
      }
    },
    {
      "item": {
        "item": "ars_nouveau:earth_essence"
      }
    },
    {
      "item": {
        "item": "ars_nouveau:earth_essence"
      }
    },
    {
      "item": {
        "tag": "forge:storage_blocks/emerald"
      }
    },
    {
      "item": {
        "tag": "forge:storage_blocks/lapis"
      }
    },
    {
      "item": {
        "tag": "forge:storage_blocks/lapis"
      }
    },
    {
      "item": {
        "tag": "forge:storage_blocks/source"
      }
    },
    {
      "item": {
        "tag": "forge:storage_blocks/source"
      }
    }
  ],
  "sourceCost": 9000
}