{
  "category": "ars_nouveau:getting_started",
  "icon": "ars_nouveau:basic_spell_turret",
  "name": "ars_nouveau.page.starting_automation",
  "pages": [
    {
      "type": "patchouli:text",
      "text": "ars_nouveau.page1.starting_automation"
    },
    {
      "type": "patchouli:relations",
      "entries": [
        "ars_nouveau:automation/spell_turret",
        "ars_nouveau:automation/spell_prism",
        "ars_nouveau:automation/starbuncle_charm",
        "ars_nouveau:automation/wixie_charm"
      ]
    }
  ],
  "sortnum": 10
}