{
  "category": "ars_nouveau:automation",
  "icon": "ars_nouveau:basic_spell_turret",
  "name": "block.ars_nouveau.basic_spell_turret",
  "pages": [
    {
      "type": "patchouli:text",
      "text": "ars_nouveau.page1.basic_spell_turret"
    },
    {
      "type": "patchouli:crafting",
      "recipe": "ars_nouveau:basic_spell_turret",
      "recipe2": "ars_nouveau:rotating_spell_turret"
    },
    {
      "type": "patchouli:text",
      "text": "ars_nouveau.page2.basic_spell_turret"
    },
    {
      "type": "ars_nouveau:apparatus_recipe",
      "recipe": "ars_nouveau:spell_turret"
    },
    {
      "type": "patchouli:text",
      "text": "ars_nouveau.page3.basic_spell_turret"
    },
    {
      "type": "ars_nouveau:apparatus_recipe",
      "recipe": "ars_nouveau:timer_spell_turret"
    },
    {
      "type": "patchouli:text",
      "text": "ars_nouveau.page4.basic_spell_turret"
    },
    {
      "type": "patchouli:relations",
      "entries": [
        "ars_nouveau:automation/spell_prism",
        "ars_nouveau:automation/void_prism"
      ]
    }
  ]
}