{
  "category": "ars_nouveau:automation",
  "icon": "ars_nouveau:spell_prism",
  "name": "block.ars_nouveau.spell_prism",
  "pages": [
    {
      "type": "patchouli:text",
      "text": "ars_nouveau.page.spell_prism"
    },
    {
      "type": "patchouli:crafting",
      "recipe": "ars_nouveau:spell_prism"
    },
    {
      "type": "patchouli:relations",
      "entries": [
        "ars_nouveau:automation/spell_turret",
        "ars_nouveau:automation/void_prism"
      ]
    }
  ]
}