{
  "category": "ars_nouveau:automation",
  "icon": "ars_nouveau:whirlisprig_charm",
  "name": "item.ars_nouveau.whirlisprig_charm",
  "pages": [
    {
      "type": "patchouli:text",
      "text": "ars_nouveau.page1.whirlisprig_charm"
    },
    {
      "type": "ars_nouveau:apparatus_recipe",
      "recipe": "ars_nouveau:whirlisprig_charm"
    },
    {
      "type": "patchouli:entity",
      "entity": "ars_nouveau:whirlisprig",
      "text": "ars_nouveau.page2.whirlisprig_charm"
    },
    {
      "type": "patchouli:text",
      "text": "ars_nouveau.page3.whirlisprig_charm",
      "title": "ars_nouveau.summoning"
    },
    {
      "type": "patchouli:text",
      "text": "ars_nouveau.page4.whirlisprig_charm",
      "title": "ars_nouveau.happiness"
    },
    {
      "type": "patchouli:text",
      "text": "ars_nouveau.page5.whirlisprig_charm",
      "title": "ars_nouveau.important"
    },
    {
      "type": "patchouli:text",
      "text": "ars_nouveau.page6.whirlisprig_charm",
      "title": "ars_nouveau.production"
    }
  ]
}